time,CH4_ppm
00:00:05,6
00:00:10,7
00:00:15,7
00:00:20,7
00:00:25,7
00:00:30,7
00:00:35,7
00:00:40,7
00:00:45,7
00:00:50,7
00:00:55,7
00:01:00,7
00:01:05,7
00:01:10,8
00:01:15,8
00:01:20,8
00:01:25,8
00:01:30,8
00:01:35,8
00:01:40,8
00:01:45,8
00:01:50,8
00:01:55,8
00:02:00,8
00:02:05,8
00:02:10,8
00:02:15,8
00:02:20,8
00:02:25,8
00:02:30,8
00:02:35,8
00:02:40,8
00:02:45,8
00:02:50,8
00:02:55,8
00:03:00,8
00:03:05,8
00:03:10,8
00:03:15,8
00:03:20,8
00:03:25,9
00:03:30,8
00:03:35,9
00:03:40,8
00:03:45,8
00:03:50,8
00:03:55,9
00:04:00,9
00:04:05,9
00:04:10,9
00:04:15,9
00:04:20,9
00:04:25,9
00:04:30,9
00:04:35,9
00:04:40,9
00:04:45,9
00:04:50,9
00:04:55,9
00:05:00,9
00:05:05,9
00:05:10,9
00:05:15,9
00:05:20,9
00:05:25,9
00:05:30,9
00:05:35,9
00:05:40,9
00:05:45,9
00:05:50,9
00:05:55,9
00:06:00,9
00:06:05,9
00:06:10,9
00:06:15,9
00:06:20,9
00:06:25,9
00:06:30,9
00:06:35,9
00:06:40,9
00:06:45,9
00:06:50,9
00:06:55,9
00:07:00,9
00:07:05,9
00:07:10,9
00:07:15,9
00:07:20,9
00:07:25,9
00:07:30,9
00:07:35,9
00:07:40,9
00:07:45,9
00:07:50,9
00:07:55,9
00:08:00,9
00:08:05,9
00:08:10,9
00:08:15,9
00:08:20,9
00:08:25,9
00:08:30,9
00:08:35,9
00:08:40,9
00:08:45,9
00:08:50,9
00:08:55,9
00:09:00,9
00:09:05,9
00:09:10,9
00:09:15,9
00:09:20,9
00:09:25,9
00:09:30,9
00:09:35,9
00:09:40,9
00:09:45,9
00:09:50,9
00:09:55,9
00:10:00,9
00:10:05,9
00:10:10,9
00:10:15,10
00:10:20,9
00:10:25,9
00:10:30,9
00:10:35,9
00:10:40,9
00:10:45,9
00:10:50,9
00:10:55,9
00:11:00,9
00:11:05,9
00:11:10,9
00:11:15,9
00:11:20,9
00:11:25,9
00:11:30,9
00:11:35,9
00:11:40,9
00:11:45,9
00:11:50,9
00:11:55,9
00:12:00,9
00:12:05,9
00:12:10,9
00:12:15,9
00:12:20,9
00:12:25,9
00:12:30,9
00:12:35,9
00:12:40,9
00:12:45,9
00:12:50,9
00:12:55,9
00:13:00,9
00:13:05,9
00:13:10,9
00:13:15,10
00:13:20,9
00:13:25,9
00:13:30,9
00:13:35,9
00:13:40,9
00:13:45,9
00:13:50,9
00:13:55,9
00:14:00,9
00:14:05,10
00:14:10,9
00:14:15,10
00:14:20,9
00:14:25,10
00:14:30,10
00:14:35,10
00:14:40,10
00:14:45,10
00:14:50,10
00:14:55,10
00:15:00,10
00:15:05,10
00:15:10,10
00:15:15,10
00:15:20,10
00:15:25,10
00:15:30,10
00:15:35,10
00:15:40,10
00:15:45,10
00:15:50,10
00:15:55,10
00:16:00,10
00:16:05,10
00:16:10,10
00:16:15,10
00:16:20,10
00:16:25,10
00:16:30,10
00:16:35,10
00:16:40,10
00:16:45,10
00:16:50,10
00:16:55,10
00:17:00,10
00:17:05,10
00:17:10,10
00:17:15,10
00:17:20,10
00:17:25,10
00:17:30,10
00:17:35,10
00:17:40,10
00:17:45,10
00:17:50,10
00:17:55,10
00:18:00,10
00:18:05,10
00:18:10,10
00:18:15,10
00:18:20,10
00:18:25,10
00:18:30,10
00:18:35,10
00:18:40,10
00:18:45,10
00:18:50,10
00:18:55,10
00:19:00,10
00:19:05,10
00:19:10,10
00:19:15,10
00:19:20,10
00:19:25,10
00:19:30,10
00:19:35,10
00:19:40,10
00:19:45,10
00:19:50,10
00:19:55,10
00:20:00,10
00:20:05,10
00:20:10,10
00:20:15,10
00:20:20,10
00:20:25,10
00:20:30,10
00:20:35,10
00:20:40,10
00:20:45,10
00:20:50,10
00:20:55,10
00:21:00,10
00:21:05,10
00:21:10,10
00:21:15,10
00:21:20,10
00:21:25,10
00:21:30,10
00:21:35,10
00:21:40,10
00:21:45,10
00:21:50,10
00:21:55,10
00:22:00,10
00:22:05,10
00:22:10,10
00:22:15,10
00:22:20,10
00:22:25,10
00:22:30,10
00:22:35,10
00:22:40,10
00:22:45,10
00:22:50,10
00:22:55,10
00:23:00,10
00:23:05,10
00:23:10,10
00:23:15,10
00:23:20,10
00:23:25,10
00:23:30,10
00:23:35,10
00:23:40,10
00:23:45,10
00:23:50,10
00:23:55,10
00:24:00,10
00:24:05,10
00:24:10,10
00:24:15,10
00:24:20,10
00:24:25,10
00:24:30,10
00:24:35,10
00:24:40,10
00:24:45,10
00:24:50,10
00:24:55,10
00:25:00,10
00:25:05,10
00:25:10,10
00:25:15,10
00:25:20,10
00:25:25,10
00:25:30,10
00:25:35,10
00:25:40,10
00:25:45,10
00:25:50,10
00:25:55,10
00:26:00,10
00:26:05,10
00:26:10,10
00:26:15,10
00:26:20,10
00:26:25,10
00:26:30,10
00:26:35,10
00:26:40,10
00:26:45,10
00:26:50,10
00:26:55,10
00:27:00,10
00:27:05,10
00:27:10,10
00:27:15,10
00:27:20,10
00:27:25,10
00:27:30,10
00:27:35,10
00:27:40,10
00:27:45,10
00:27:50,10
00:27:55,10
00:28:00,10
00:28:05,10
00:28:10,10
00:28:15,10
00:28:20,10
00:28:25,10
00:28:30,10
00:28:35,10
00:28:40,10
00:28:45,10
00:28:50,10
00:28:55,10
00:29:00,10
00:29:05,10
00:29:10,10
00:29:15,10
00:29:20,10
00:29:25,10
00:29:30,10
00:29:35,10
00:29:40,10
00:29:45,10
00:29:50,10
00:29:55,10
00:30:00,10
00:30:05,10
00:30:10,10
00:30:15,10
00:30:20,10
00:30:25,10
00:30:30,10
00:30:35,10
00:30:40,10
00:30:45,10
00:30:50,10
00:30:55,10
00:31:00,10
00:31:05,10
00:31:10,10
00:31:15,10
00:31:20,10
00:31:25,10
00:31:30,10
00:31:35,10
00:31:40,10
00:31:45,10
00:31:50,10
00:31:55,10
00:32:00,10
00:32:05,10
00:32:10,10
00:32:15,10
00:32:20,10
00:32:25,10
00:32:30,10
00:32:35,10
00:32:40,10
00:32:45,10
00:32:50,10
00:32:55,10
00:33:00,10
00:33:05,10
00:33:10,10
00:33:15,10
00:33:20,10
00:33:25,10
00:33:30,10
00:33:35,10
00:33:40,10
00:33:45,10
00:33:50,10
00:33:55,10
00:34:00,10
00:34:05,10
00:34:10,10
00:34:15,10
00:34:20,10
00:34:25,10
00:34:30,10
00:34:35,10
00:34:40,10
00:34:45,10
00:34:50,10
00:34:55,10
00:35:00,10
00:35:05,10
00:35:10,10
00:35:15,10
00:35:20,10
00:35:25,10
00:35:30,10
00:35:35,10
00:35:40,10
00:35:45,10
00:35:50,10
00:35:55,10
00:36:00,10
00:36:05,10
00:36:10,10
00:36:15,10
00:36:20,10
00:36:25,10
00:36:30,10
00:36:35,10
00:36:40,10
00:36:45,10
00:36:50,10
00:36:55,10
00:37:00,10
00:37:05,10
00:37:10,10
00:37:15,10
00:37:20,10
00:37:25,10
00:37:30,10
00:37:35,10
00:37:40,10
00:37:45,10
00:37:50,10
00:37:55,10
00:38:00,10
00:38:05,10
00:38:10,10
00:38:15,10
00:38:20,10
00:38:25,10
00:38:30,10
00:38:35,10
00:38:40,10
00:38:45,10
00:38:50,10
00:38:55,10
00:39:00,10
00:39:05,10
00:39:10,10
00:39:15,10
00:39:20,10
00:39:25,10
00:39:30,10
00:39:35,10
00:39:40,10
00:39:45,10
00:39:50,10
00:39:55,10
00:40:00,10
00:40:05,10
00:40:10,10
00:40:15,10
00:40:20,10
00:40:25,10
00:40:30,10
00:40:35,10
00:40:40,10
00:40:45,10
00:40:50,10
00:40:55,10
00:41:00,10
00:41:05,10
00:41:10,10
00:41:15,10
00:41:20,10
00:41:25,10
00:41:30,10
00:41:35,10
00:41:40,10
00:41:45,10
00:41:50,10
00:41:55,10
00:42:00,10
00:42:05,10
00:42:10,10
00:42:15,10
00:42:20,10
00:42:25,10
00:42:30,10
00:42:35,10
00:42:40,10
00:42:45,10
00:42:50,10
00:42:55,10
00:43:00,10
00:43:05,10
00:43:10,10
00:43:15,10
00:43:20,10
00:43:25,10
00:43:30,10
00:43:35,10
00:43:40,10
00:43:45,10
00:43:50,10
00:43:55,10
00:44:00,10
00:44:05,10
00:44:10,10
00:44:15,10
00:44:20,10
00:44:25,10
00:44:30,10
00:44:35,10
00:44:40,10
00:44:45,10
00:44:50,10
00:44:55,10
00:45:00,10
00:45:05,10
00:45:10,10
00:45:15,10
00:45:20,10
00:45:25,10
00:45:30,10
00:45:35,10
00:45:40,10
00:45:45,10
00:45:50,10
00:45:55,10
00:46:00,10
00:46:05,10
00:46:10,10
00:46:15,10
00:46:20,10
00:46:25,10
00:46:30,10
00:46:35,10
00:46:40,10
00:46:45,10
00:46:50,10
00:46:55,10
00:47:00,10
00:47:05,10
00:47:10,10
00:47:15,10
00:47:20,10
00:47:25,10
00:47:30,10
00:47:35,10
00:47:40,10
00:47:45,10
00:47:50,10
00:47:55,10
00:48:00,10
00:48:05,10
00:48:10,10
00:48:15,10
00:48:20,10
00:48:25,10
00:48:30,10
00:48:35,10
00:48:40,10
00:48:45,10
00:48:50,10
00:48:55,10
00:49:00,10
00:49:05,10
00:49:10,10
00:49:15,10
00:49:20,10
00:49:25,10
00:49:30,10
00:49:35,10
00:49:40,10
00:49:45,10
00:49:50,10
00:49:55,10
00:50:00,10
00:50:05,10
00:50:10,10
00:50:15,10
00:50:20,10
00:50:25,10
00:50:30,10
00:50:35,10
00:50:40,10
00:50:45,10
00:50:50,10
00:50:55,10
00:51:00,10
00:51:05,10
00:51:10,10
00:51:15,10
00:51:20,10
00:51:25,10
00:51:30,10
00:51:35,10
00:51:40,10
00:51:45,10
00:51:50,10
00:51:55,10
00:52:00,10
00:52:05,10
00:52:10,10
00:52:15,10
00:52:20,10
00:52:25,10
00:52:30,10
00:52:35,10
00:52:40,10
00:52:45,10
00:52:50,10
00:52:55,10
00:53:00,10
00:53:05,10
00:53:10,10
00:53:15,10
00:53:20,10
00:53:25,10
00:53:30,10
00:53:35,10
00:53:40,10
00:53:45,10
00:53:50,10
00:53:55,10
00:54:00,10
00:54:05,10
00:54:10,10
00:54:15,10
00:54:20,10
00:54:25,10
00:54:30,10
00:54:35,10
00:54:40,10
00:54:45,10
00:54:50,10
00:54:55,10
00:55:00,10
00:55:05,10
00:55:10,10
00:55:15,10
00:55:20,10
00:55:25,10
00:55:30,10
00:55:35,10
00:55:40,10
00:55:45,10
00:55:50,10
00:55:55,10
00:56:00,10
00:56:05,10
00:56:10,10
00:56:15,10
00:56:20,10
00:56:25,10
00:56:30,10
00:56:35,10
00:56:40,10
00:56:45,10
00:56:50,10
00:56:55,10
00:57:00,10
00:57:05,10
00:57:10,10
00:57:15,10
00:57:20,10
00:57:25,10
00:57:30,10
00:57:35,10
00:57:40,10
00:57:45,10
00:57:50,10
00:57:55,10
00:58:00,10
00:58:05,10
00:58:10,10
00:58:15,10
00:58:20,10
00:58:25,10
00:58:30,10
00:58:35,10
00:58:40,10
00:58:45,10
00:58:50,10
00:58:55,10
00:59:00,10
00:59:05,10
00:59:10,10
00:59:15,10
00:59:20,10
00:59:25,10
00:59:30,10
00:59:35,10
00:59:40,10
00:59:45,10
00:59:50,10
00:59:55,10
01:00:00,10
01:00:05,10
01:00:10,10
01:00:15,10
01:00:20,10
01:00:25,10
01:00:30,10
01:00:35,10
01:00:40,10
01:00:45,10
01:00:50,10
01:00:55,10
01:01:00,10
01:01:05,10
01:01:10,10
01:01:15,10
01:01:20,10
01:01:25,10
01:01:30,10
01:01:35,10
01:01:40,10
01:01:45,10
01:01:50,10
01:01:55,10
01:02:00,10
01:02:05,10
01:02:10,10
01:02:15,10
01:02:20,10
01:02:25,10
01:02:30,10
01:02:35,10
01:02:40,10
01:02:45,10
01:02:50,10
01:02:55,10
01:03:00,10
01:03:05,10
01:03:10,10
01:03:15,10
01:03:20,10
01:03:25,10
01:03:30,10
01:03:35,10
01:03:40,10
01:03:45,10
01:03:50,10
01:03:55,10
01:04:00,10
01:04:05,10
01:04:10,10
01:04:15,10
01:04:20,10
01:04:25,10
01:04:30,10
01:04:35,10
01:04:40,10
01:04:45,10
01:04:50,10
01:04:55,10
01:05:00,10
01:05:05,10
01:05:10,10
01:05:15,10
01:05:20,10
01:05:25,10
01:05:30,10
01:05:35,10
01:05:40,10
01:05:45,10
01:05:50,10
01:05:55,10
01:06:00,10
01:06:05,10
01:06:10,10
01:06:15,10
01:06:20,10
01:06:25,10
01:06:30,10
01:06:35,10
01:06:40,10
01:06:45,10
01:06:50,10
01:06:55,10
01:07:00,10
01:07:05,10
01:07:10,10
01:07:15,10
01:07:20,10
01:07:25,10
01:07:30,10
01:07:35,10
01:07:40,10
01:07:45,10
01:07:50,10
01:07:55,10
01:08:00,10
01:08:05,10
01:08:10,10
01:08:15,10
01:08:20,10
01:08:25,10
01:08:30,10
01:08:35,10
01:08:40,10
01:08:45,10
01:08:50,10
01:08:55,10
01:09:00,10
01:09:05,10
01:09:10,10
01:09:15,10
01:09:20,10
01:09:25,10
01:09:30,10
01:09:35,10
01:09:40,10
01:09:45,10
01:09:50,10
01:09:55,10
01:10:00,10
01:10:05,10
01:10:10,10
01:10:15,10
01:10:20,10
01:10:25,10
01:10:30,10
01:10:35,10
01:10:40,10
01:10:45,10
01:10:50,10
01:10:55,9
01:11:00,10
01:11:05,10
01:11:10,10
01:11:15,9
01:11:20,10
01:11:25,10
01:11:30,9
01:11:35,9
01:11:40,9
01:11:45,9
01:11:50,9
01:11:55,9
01:12:00,9
01:12:05,9
01:12:10,10
01:12:15,9
01:12:20,9
01:12:25,9
01:12:30,9
01:12:35,10
01:12:40,9
01:12:45,9
01:12:50,9
01:12:55,10
01:13:00,9
01:13:05,9
01:13:10,9
01:13:15,9
01:13:20,9
01:13:25,10
01:13:30,9
01:13:35,9
01:13:40,9
01:13:45,9
01:13:50,10
01:13:55,9
01:14:00,9
01:14:05,10
01:14:10,9
01:14:15,9
01:14:20,9
01:14:25,9
01:14:30,9
01:14:35,9
01:14:40,9
01:14:45,9
01:14:50,9
01:14:55,9
01:15:00,9
01:15:05,9
01:15:10,9
01:15:15,9
01:15:20,9
01:15:25,9
01:15:30,9
01:15:35,9
01:15:40,9
01:15:45,9
01:15:50,9
01:15:55,9
01:16:00,9
01:16:05,9
01:16:10,9
01:16:15,9
01:16:20,9
01:16:25,9
01:16:30,9
01:16:35,10
01:16:40,9
01:16:45,9
01:16:50,9
01:16:55,9
01:17:00,9
01:17:05,9
01:17:10,9
01:17:15,9
01:17:20,9
01:17:25,9
01:17:30,9
01:17:35,9
01:17:40,9
01:17:45,9
01:17:50,9
01:17:55,9
01:18:00,9
01:18:05,9
01:18:10,9
01:18:15,9
01:18:20,9
01:18:25,9
01:18:30,9
01:18:35,9
01:18:40,9
01:18:45,9
01:18:50,9
01:18:55,9
01:19:00,9
01:19:05,9
01:19:10,9
01:19:15,9
01:19:20,9
01:19:25,9
01:19:30,9
01:19:35,9
01:19:40,9
01:19:45,9
01:19:50,9
01:19:55,9
01:20:00,9
01:20:05,9
01:20:10,9
01:20:15,9
01:20:20,9
01:20:25,9
01:20:30,9
01:20:35,9
01:20:40,9
01:20:45,9
01:20:50,9
01:20:55,9
01:21:00,9
01:21:05,9
01:21:10,9
01:21:15,9
01:21:20,9
01:21:25,9
01:21:30,9
01:21:35,9
01:21:40,9
01:21:45,9
01:21:50,9
01:21:55,9
01:22:00,9
01:22:05,9
01:22:10,9
01:22:15,9
01:22:20,9
01:22:25,9
01:22:30,9
01:22:35,10
01:22:40,9
01:22:45,9
01:22:50,9
01:22:55,10
01:23:00,9
01:23:05,9
01:23:10,9
01:23:15,9
01:23:20,9
01:23:25,9
01:23:30,9
01:23:35,9
01:23:40,9
01:23:45,9
01:23:50,9
01:23:55,9
01:24:00,9
01:24:05,9
01:24:10,9
01:24:15,9
01:24:20,9
01:24:25,9
01:24:30,9
01:24:35,9
01:24:40,9
01:24:45,9
01:24:50,9
01:24:55,9
01:25:00,9
01:25:05,9
01:25:10,9
01:25:15,9
01:25:20,9
01:25:25,9
01:25:30,9
01:25:35,9
01:25:40,9
01:25:45,9
01:25:50,9
01:25:55,9
01:26:00,9
01:26:05,9
01:26:10,9
01:26:15,9
01:26:20,10
01:26:25,9
01:26:30,9
01:26:35,9
01:26:40,9
01:26:45,9
01:26:50,9
01:26:55,9
01:27:00,9
01:27:05,9
01:27:10,9
01:27:15,9
01:27:20,9
01:27:25,9
01:27:30,9
01:27:35,9
01:27:40,9
01:27:45,9
01:27:50,9
01:27:55,9
01:28:00,9
01:28:05,9
01:28:10,9
01:28:15,9
01:28:20,9
01:28:25,9
01:28:30,9
01:28:35,9
01:28:40,9
01:28:45,9
01:28:50,9
01:28:55,9
01:29:00,9
01:29:05,9
01:29:10,9
01:29:15,9
01:29:20,9
01:29:25,9
01:29:30,9
01:29:35,9
01:29:40,9
01:29:45,9
01:29:50,9
01:29:55,9
01:30:00,9
01:30:05,9
01:30:10,9
01:30:15,9
01:30:20,9
01:30:25,9
01:30:30,9
01:30:35,9
01:30:40,9
01:30:45,9
01:30:50,9
01:30:55,9
01:31:00,9
01:31:05,9
01:31:10,9
01:31:15,9
01:31:20,9
01:31:25,9
01:31:30,9
01:31:35,9
01:31:40,9
01:31:45,9
01:31:50,9
01:31:55,9
01:32:00,9
01:32:05,9
01:32:10,9
01:32:15,9
01:32:20,9
01:32:25,9
01:32:30,9
01:32:35,9
01:32:40,9
01:32:45,9
01:32:50,9
01:32:55,9
01:33:00,9
01:33:05,9
01:33:10,9
01:33:15,9
01:33:20,9
01:33:25,9
01:33:30,9
01:33:35,9
01:33:40,9
01:33:45,9
01:33:50,9
01:33:55,9
01:34:00,9
01:34:05,9
01:34:10,9
01:34:15,9
01:34:20,9
01:34:25,9
01:34:30,9
01:34:35,9
01:34:40,9
01:34:45,9
01:34:50,9
01:34:55,9
01:35:00,9
01:35:05,9
01:35:10,9
01:35:15,9
01:35:20,9
01:35:25,9
01:35:30,9
01:35:35,9
01:35:40,9
01:35:45,9
01:35:50,9
01:35:55,9
01:36:00,9
01:36:05,9
01:36:10,9
01:36:15,9
01:36:20,9
01:36:25,9
01:36:30,9
01:36:35,9
01:36:40,9
01:36:45,9
01:36:50,9
01:36:55,9
01:37:00,9
01:37:05,9
01:37:10,9
01:37:15,9
01:37:20,9
01:37:25,9
01:37:30,9
01:37:35,9
01:37:40,9
01:37:45,9
01:37:50,9
01:37:55,9
01:38:00,9
01:38:05,9
01:38:10,9
01:38:15,9
01:38:20,9
01:38:25,9
01:38:30,9
01:38:35,9
01:38:40,9
01:38:45,9
01:38:50,9
01:38:55,9
01:39:00,9
01:39:05,9
01:39:10,9
01:39:15,9
01:39:20,9
01:39:25,9
01:39:30,9
01:39:35,9
01:39:40,9
01:39:45,9
01:39:50,9
01:39:55,9
01:40:00,9
01:40:05,9
01:40:10,9
01:40:15,9
01:40:20,9
01:40:25,9
01:40:30,9
01:40:35,9
01:40:40,9
01:40:45,9
01:40:50,9
01:40:55,9
01:41:00,9
01:41:05,9
01:41:10,9
01:41:15,9
01:41:20,9
01:41:25,9
01:41:30,9
01:41:35,9
01:41:40,9
01:41:45,9
01:41:50,9
01:41:55,9
01:42:00,9
01:42:05,9
01:42:10,9
01:42:15,9
01:42:20,9
01:42:25,9
01:42:30,9
01:42:35,9
01:42:40,9
01:42:45,9
01:42:50,9
01:42:55,9
01:43:00,9
01:43:05,9
01:43:10,9
01:43:15,9
01:43:20,9
01:43:25,9
01:43:30,9
01:43:35,9
01:43:40,9
01:43:45,9
01:43:50,9
01:43:55,9
01:44:00,9
01:44:05,9
01:44:10,9
01:44:15,9
01:44:20,9
01:44:25,9
01:44:30,9
01:44:35,9
01:44:40,9
01:44:45,9
01:44:50,9
01:44:55,9
01:45:00,9
01:45:05,9
01:45:10,9
01:45:15,9
01:45:20,9
01:45:25,9
01:45:30,9
01:45:35,9
01:45:40,9
01:45:45,9
01:45:50,9
01:45:55,10
01:46:00,9
01:46:05,9
01:46:10,9
01:46:15,9
01:46:20,9
01:46:25,9
01:46:30,9
01:46:35,9
01:46:40,9
01:46:45,9
01:46:50,9
01:46:55,9
01:47:00,9
01:47:05,9
01:47:10,9
01:47:15,9
01:47:20,9
01:47:25,9
01:47:30,9
01:47:35,9
01:47:40,9
01:47:45,9
01:47:50,9
01:47:55,9
01:48:00,9
01:48:05,9
01:48:10,9
01:48:15,9
01:48:20,9
01:48:25,9
01:48:30,9
01:48:35,9
01:48:40,9
01:48:45,9
01:48:50,9
01:48:55,9
01:49:00,9
01:49:05,9
01:49:10,9
01:49:15,9
01:49:20,9
01:49:25,9
01:49:30,9
01:49:35,9
01:49:40,9
01:49:45,9
01:49:50,9
01:49:55,9
01:50:00,9
01:50:05,9
01:50:10,9
01:50:15,9
01:50:20,9
01:50:25,9
01:50:30,9
01:50:35,9
01:50:40,9
01:50:45,9
01:50:50,9
01:50:55,9
01:51:00,9
01:51:05,9
01:51:10,9
01:51:15,9
01:51:20,9
01:51:25,9
01:51:30,9
01:51:35,9
01:51:40,9
01:51:45,9
01:51:50,9
01:51:55,9
01:52:00,9
01:52:05,9
01:52:10,9
01:52:15,9
01:52:20,9
01:52:25,9
01:52:30,9
01:52:35,9
01:52:40,9
01:52:45,9
01:52:50,9
01:52:55,9
01:53:00,9
01:53:05,9
01:53:10,9
01:53:15,9
01:53:20,9
01:53:25,9
01:53:30,9
01:53:35,9
01:53:40,9
01:53:45,9
01:53:50,9
01:53:55,9
01:54:00,9
01:54:05,9
01:54:10,9
01:54:15,9
01:54:20,9
01:54:25,9
01:54:30,9
01:54:35,9
01:54:40,9
01:54:45,9
01:54:50,9
01:54:55,9
01:55:00,9
01:55:05,9
01:55:10,9
01:55:15,9
01:55:20,9
01:55:25,9
01:55:30,9
01:55:35,9
01:55:40,9
01:55:45,9
01:55:50,9
01:55:55,9
01:56:00,9
01:56:05,9
01:56:10,9
01:56:15,9
01:56:20,9
01:56:25,9
01:56:30,9
01:56:35,9
01:56:40,9
01:56:45,9
01:56:50,9
01:56:55,9
01:57:00,9
01:57:05,9
01:57:10,9
01:57:15,9
01:57:20,9
01:57:25,9
01:57:30,9
01:57:35,10
01:57:40,9
01:57:45,9
01:57:50,9
01:57:55,9
01:58:00,9
01:58:05,9
01:58:10,9
01:58:15,9
01:58:20,9
01:58:25,9
01:58:30,9
01:58:35,9
01:58:40,9
01:58:45,9
01:58:50,9
01:58:55,9
01:59:00,9
01:59:05,9
01:59:10,9
01:59:15,9
01:59:20,9
01:59:25,9
01:59:30,9
01:59:35,9
01:59:40,9
01:59:45,9
01:59:50,9
01:59:55,9
02:00:00,9
02:00:05,9
02:00:10,9
02:00:15,9
02:00:20,9
02:00:25,9
02:00:30,9
02:00:35,9
02:00:40,9
02:00:45,9
02:00:50,9
02:00:55,9
02:01:00,9
02:01:05,9
02:01:10,9
02:01:15,9
02:01:20,9
02:01:25,9
02:01:30,9
02:01:35,9
02:01:40,9
02:01:45,9
02:01:50,9
02:01:55,9
02:02:00,9
02:02:05,9
02:02:10,9
02:02:15,9
02:02:20,9
02:02:25,9
02:02:30,9
02:02:35,9
02:02:40,9
02:02:45,9
02:02:50,9
02:02:55,9
02:03:00,9
02:03:05,9
02:03:10,9
02:03:15,9
02:03:20,9
02:03:25,9
02:03:30,9
02:03:35,9
02:03:40,9
02:03:45,9
02:03:50,9
02:03:55,9
02:04:00,9
02:04:05,9
02:04:10,9
02:04:15,9
02:04:20,9
02:04:25,9
02:04:30,9
02:04:35,9
02:04:40,9
02:04:45,9
02:04:50,9
02:04:55,9
02:05:00,9
02:05:05,9
02:05:10,9
02:05:15,9
02:05:20,9
02:05:25,9
02:05:30,9
02:05:35,9
02:05:40,9
02:05:45,9
02:05:50,9
02:05:55,9
02:06:00,9
02:06:05,9
02:06:10,9
02:06:15,9
02:06:20,9
02:06:25,9
02:06:30,9
02:06:35,9
02:06:40,9
02:06:45,9
02:06:50,9
02:06:55,9
02:07:00,9
02:07:05,9
02:07:10,9
02:07:15,9
02:07:20,9
02:07:25,9
02:07:30,9
02:07:35,9
02:07:40,9
02:07:45,9
02:07:50,9
02:07:55,9
02:08:00,9
02:08:05,9
02:08:10,9
02:08:15,9
02:08:20,9
02:08:25,9
02:08:30,9
02:08:35,9
02:08:40,9
02:08:45,9
02:08:50,9
02:08:55,9
02:09:00,9
02:09:05,9
02:09:10,9
02:09:15,9
02:09:20,9
02:09:25,9
02:09:30,9
02:09:35,9
02:09:40,9
02:09:45,9
02:09:50,9
02:09:55,9
02:10:00,9
02:10:05,9
02:10:10,9
02:10:15,9
02:10:20,9
02:10:25,9
02:10:30,9
02:10:35,9
02:10:40,9
02:10:45,9
02:10:50,9
02:10:55,9
02:11:00,9
02:11:05,9
02:11:10,9
02:11:15,9
02:11:20,9
02:11:25,9
02:11:30,9
02:11:35,9
02:11:40,9
02:11:45,9
02:11:50,9
02:11:55,9
02:12:00,9
02:12:05,9
02:12:10,9
02:12:15,9
02:12:20,9
02:12:25,9
02:12:30,9
02:12:35,9
02:12:40,9
02:12:45,9
02:12:50,9
02:12:55,9
02:13:00,9
02:13:05,9
02:13:10,9
02:13:15,9
02:13:20,9
02:13:25,9
02:13:30,9
02:13:35,9
02:13:40,9
02:13:45,9
02:13:50,9
02:13:55,9
02:14:00,9
02:14:05,9
02:14:10,9
02:14:15,9
02:14:20,9
02:14:25,9
02:14:30,9
02:14:35,9
02:14:40,9
02:14:45,9
02:14:50,9
02:14:55,9
02:15:00,9
02:15:05,9
02:15:10,9
02:15:15,9
02:15:20,9
02:15:25,9
02:15:30,9
02:15:35,9
02:15:40,9
02:15:45,9
02:15:50,9
02:15:55,9
02:16:00,9
02:16:05,9
02:16:10,9
02:16:15,9
02:16:20,9
02:16:25,9
02:16:30,9
02:16:35,9
02:16:40,9
02:16:45,9
02:16:50,9
02:16:55,9
02:17:00,9
02:17:05,9
02:17:10,9
02:17:15,9
02:17:20,9
02:17:25,9
02:17:30,9
02:17:35,9
02:17:40,9
02:17:45,9
02:17:50,9
02:17:55,9
02:18:00,9
02:18:05,9
02:18:10,9
02:18:15,9
02:18:20,9
02:18:25,9
02:18:30,9
02:18:35,9
02:18:40,9
02:18:45,9
02:18:50,9
02:18:55,9
02:19:00,9
02:19:05,9
02:19:10,9
02:19:15,9
02:19:20,9
02:19:25,9
02:19:30,9
02:19:35,9
02:19:40,9
02:19:45,9
02:19:50,9
02:19:55,9
02:20:00,9
02:20:05,9
02:20:10,9
02:20:15,9
02:20:20,9
02:20:25,9
02:20:30,9
02:20:35,9
02:20:40,9
02:20:45,9
02:20:50,9
02:20:55,9
02:21:00,9
02:21:05,9
02:21:10,9
02:21:15,9
02:21:20,9
02:21:25,9
02:21:30,9
02:21:35,9
02:21:40,9
02:21:45,9
02:21:50,9
02:21:55,9
02:22:00,9
02:22:05,9
02:22:10,9
02:22:15,9
02:22:20,9
02:22:25,9
02:22:30,9
02:22:35,9
02:22:40,9
02:22:45,9
02:22:50,9
02:22:55,9
02:23:00,9
02:23:05,9
02:23:10,9
02:23:15,9
02:23:20,9
02:23:25,9
02:23:30,9
02:23:35,9
02:23:40,9
02:23:45,9
02:23:50,9
02:23:55,9
02:24:00,9
02:24:05,9
02:24:10,9
02:24:15,9
02:24:20,9
02:24:25,9
02:24:30,9
02:24:35,9
02:24:40,9
02:24:45,9
02:24:50,9
02:24:55,9
02:25:00,9
02:25:05,9
02:25:10,9
02:25:15,9
02:25:20,9
02:25:25,9
02:25:30,9
02:25:35,9
02:25:40,9
02:25:45,9
02:25:50,9
02:25:55,9
02:26:00,9
02:26:05,9
02:26:10,9
02:26:15,9
02:26:20,9
02:26:25,9
02:26:30,9
02:26:35,9
02:26:40,9
02:26:45,9
02:26:50,9
02:26:55,9
02:27:00,9
02:27:05,9
02:27:10,9
02:27:15,9
02:27:20,9
02:27:25,9
02:27:30,9
02:27:35,9
02:27:40,9
02:27:45,9
02:27:50,9
02:27:55,9
02:28:00,9
02:28:05,9
02:28:10,9
02:28:15,9
02:28:20,9
02:28:25,9
02:28:30,9
02:28:35,9
02:28:40,9
02:28:45,9
02:28:50,9
02:28:55,9
02:29:00,9
02:29:05,9
02:29:10,9
02:29:15,9
02:29:20,9
02:29:25,9
02:29:30,9
02:29:35,9
02:29:40,9
02:29:45,9
02:29:50,9
02:29:55,9
02:30:00,9
02:30:05,9
02:30:10,9
02:30:15,9
02:30:20,9
02:30:25,9
02:30:30,9
02:30:35,9
02:30:40,9
02:30:45,9
02:30:50,9
02:30:55,9
02:31:00,9
02:31:05,9
02:31:10,9
02:31:15,9
02:31:20,9
02:31:25,9
02:31:30,9
02:31:35,9
02:31:40,9
02:31:45,9
02:31:50,9
02:31:55,9
02:32:00,9
02:32:05,9
02:32:10,9
02:32:15,9
02:32:20,9
02:32:25,9
02:32:30,9
02:32:35,9
02:32:40,9
02:32:45,9
02:32:50,9
02:32:55,9
02:33:00,9
02:33:05,9
02:33:10,9
02:33:15,9
02:33:20,9
02:33:25,9
02:33:30,9
02:33:35,9
02:33:40,9
02:33:45,9
02:33:50,9
02:33:55,9
02:34:00,9
02:34:05,9
02:34:10,9
02:34:15,9
02:34:20,9
02:34:25,9
02:34:30,9
02:34:35,9
02:34:40,9
02:34:45,9
02:34:50,9
02:34:55,9
02:35:00,9
02:35:05,9
02:35:10,9
02:35:15,9
02:35:20,9
02:35:25,9
02:35:30,9
02:35:35,9
02:35:40,9
02:35:45,9
02:35:50,9
02:35:55,9
02:36:00,9
02:36:05,9
02:36:10,9
02:36:15,9
02:36:20,9
02:36:25,9
02:36:30,9
02:36:35,9
02:36:40,9
02:36:45,9
02:36:50,9
02:36:55,9
02:37:00,9
02:37:05,9
02:37:10,9
02:37:15,9
02:37:20,9
02:37:25,9
02:37:30,9
02:37:35,9
02:37:40,9
02:37:45,9
02:37:50,9
02:37:55,9
02:38:00,9
02:38:05,9
02:38:10,9
02:38:15,9
02:38:20,9
02:38:25,9
02:38:30,9
02:38:35,9
02:38:40,9
02:38:45,9
02:38:50,9
02:38:55,9
02:39:00,9
02:39:05,9
02:39:10,9
02:39:15,9
02:39:20,9
02:39:25,9
02:39:30,9
02:39:35,9
02:39:40,9
02:39:45,9
02:39:50,9
02:39:55,9
02:40:00,9
02:40:05,9
02:40:10,9
02:40:15,9
02:40:20,9
02:40:25,9
02:40:30,9
02:40:35,9
02:40:40,9
02:40:45,9
02:40:50,9
02:40:55,9
02:41:00,9
02:41:05,9
02:41:10,10
02:41:15,10
02:41:20,10
02:41:25,10
02:41:30,10
02:41:35,10
02:41:40,10
02:41:45,10
02:41:50,10
02:41:55,10
02:42:00,10
02:42:05,10
02:42:10,10
02:42:15,10
02:42:20,10
02:42:25,10
02:42:30,10
02:42:35,10
02:42:40,10
02:42:45,10
02:42:50,10
02:42:55,10
02:43:00,10
02:43:05,10
02:43:10,10
02:43:15,10
02:43:20,10
02:43:25,10
02:43:30,10
02:43:35,10
02:43:40,10
02:43:45,10
02:43:50,10
02:43:55,10
02:44:00,10
02:44:05,10
02:44:10,10
02:44:15,10
02:44:20,10
02:44:25,10
02:44:30,10
02:44:35,3
02:44:40,3
02:44:45,3
02:44:50,3
02:44:55,3
02:45:00,3
02:45:05,3
02:45:10,4
02:45:15,4
02:45:20,3
02:45:25,4
02:45:30,4
02:45:35,4
02:45:40,4
02:45:45,4
02:45:50,4
02:45:55,4
02:46:00,4
02:46:05,4
02:46:10,4
02:46:15,4
02:46:20,4
02:46:25,4
02:46:30,4
02:46:35,4
02:46:40,4
02:46:45,4
02:46:50,4
02:46:55,4
02:47:00,4
02:47:05,4
02:47:10,4
02:47:15,4
02:47:20,4
02:47:25,4
02:47:30,4
02:47:35,4
02:47:40,4
02:47:45,4
02:47:50,4
02:47:55,4
02:48:00,4
02:48:05,4
02:48:10,4
02:48:15,4
02:48:20,4
02:48:25,4
02:48:30,4
02:48:35,4
02:48:40,4
02:48:45,4
02:48:50,4
02:48:55,4
02:49:00,4
02:49:05,4
02:49:10,4
02:49:15,4
02:49:20,4
02:49:25,4
02:49:30,4
02:49:35,4
02:49:40,4
02:49:45,4
02:49:50,4
02:49:55,4
02:50:00,4
02:50:05,4
02:50:10,4
02:50:15,4
02:50:20,4
02:50:25,4
02:50:30,4
02:50:35,4
02:50:40,4
02:50:45,4
02:50:50,4
02:50:55,4
02:51:00,4
02:51:05,4
02:51:10,4
02:51:15,4
02:51:20,4
02:51:25,4
02:51:30,4
02:51:35,4
02:51:40,4
02:51:45,4
02:51:50,4
02:51:55,4
02:52:00,4
02:52:05,4
02:52:10,4
02:52:15,4
02:52:20,4
02:52:25,4
02:52:30,4
02:52:35,4
02:52:40,4
02:52:45,4
02:52:50,4
02:52:55,4
02:53:00,4
02:53:05,4
02:53:10,4
02:53:15,4
02:53:20,4
02:53:25,4
02:53:30,4
02:53:35,4
02:53:40,4
02:53:45,4
02:53:50,4
02:53:55,4
02:54:00,4
02:54:05,4
02:54:10,4
02:54:15,4
02:54:20,4
02:54:25,4
02:54:30,4
02:54:35,4
02:54:40,4
02:54:45,4
02:54:50,4
02:54:55,4
02:55:00,4
02:55:05,4
02:55:10,4
02:55:15,4
02:55:20,4
02:55:25,4
02:55:30,4
02:55:35,4
02:55:40,4
02:55:45,4
02:55:50,4
02:55:55,4
02:56:00,4
02:56:05,4
02:56:10,4
02:56:15,4
02:56:20,4
02:56:25,4
02:56:30,4
02:56:35,4
02:56:40,4
02:56:45,4
02:56:50,4
02:56:55,4
02:57:00,4
02:57:05,4
02:57:10,4
02:57:15,4
02:57:20,4
02:57:25,4
02:57:30,4
02:57:35,4
02:57:40,4
02:57:45,4
02:57:50,4
02:57:55,4
02:58:00,4
02:58:05,4
02:58:10,4
02:58:15,4
02:58:20,4
02:58:25,4
02:58:30,4
02:58:35,4
02:58:40,4
02:58:45,4
02:58:50,4
02:58:55,4
02:59:00,4
02:59:05,4
02:59:10,4
02:59:15,4
02:59:20,4
02:59:25,4
02:59:30,4
02:59:35,4
02:59:40,4
02:59:45,4
02:59:50,4
02:59:55,4
03:00:00,4
03:00:05,4
03:00:10,4
03:00:15,4
03:00:20,4
03:00:25,4
03:00:30,4
03:00:35,4
03:00:40,4
03:00:45,4
03:00:50,4
03:00:55,4
03:01:00,4
03:01:05,4
03:01:10,4
03:01:15,4
03:01:20,4
03:01:25,4
03:01:30,4
03:01:35,4
03:01:40,4
03:01:45,4
03:01:50,4
03:01:55,4
03:02:00,4
03:02:05,4
03:02:10,4
03:02:15,4
03:02:20,4
03:02:25,4
03:02:30,4
03:02:35,4
03:02:40,4
03:02:45,4
03:02:50,4
03:02:55,4
03:03:00,4
03:03:05,4
03:03:10,4
03:03:15,4
03:03:20,4
03:03:25,4
03:03:30,4
03:03:35,4
03:03:40,4
03:03:45,4
03:03:50,4
03:03:55,4
03:04:00,4
03:04:05,4
03:04:10,4
03:04:15,4
03:04:20,4
03:04:25,4
03:04:30,4
03:04:35,4
03:04:40,4
03:04:45,4
03:04:50,4
03:04:55,4
03:05:00,4
03:05:05,4
03:05:10,4
03:05:15,4
03:05:20,4
03:05:25,4
03:05:30,4
03:05:35,4
03:05:40,4
03:05:45,4
03:05:50,4
03:05:55,4
03:06:00,4
03:06:05,4
03:06:10,4
03:06:15,4
03:06:20,4
03:06:25,4
03:06:30,4
03:06:35,4
03:06:40,4
03:06:45,4
03:06:50,4
03:06:55,4
03:07:00,4
03:07:05,4
03:07:10,4
03:07:15,4
03:07:20,4
03:07:25,4
03:07:30,4
03:07:35,4
03:07:40,4
03:07:45,4
03:07:50,4
03:07:55,4
03:08:00,4
03:08:05,4
03:08:10,4
03:08:15,4
03:08:20,4
03:08:25,4
03:08:30,4
03:08:35,4
03:08:40,4
03:08:45,4
03:08:50,4
03:08:55,4
03:09:00,4
03:09:05,4
03:09:10,4
03:09:15,4
03:09:20,4
03:09:25,4
03:09:30,4
03:09:35,4
03:09:40,4
03:09:45,4
03:09:50,4
03:09:55,4
03:10:00,4
03:10:05,4
03:10:10,4
03:10:15,4
03:10:20,4
03:10:25,4
03:10:30,4
03:10:35,4
03:10:40,4
03:10:45,4
03:10:50,4
03:10:55,4
03:11:00,4
03:11:05,4
03:11:10,5
03:11:15,4
03:11:20,4
03:11:25,4
03:11:30,4
03:11:35,4
03:11:40,4
03:11:45,4
03:11:50,4
03:11:55,4
03:12:00,4
03:12:05,4
03:12:10,4
03:12:15,4
03:12:20,4
03:12:25,4
03:12:30,4
03:12:35,4
03:12:40,4
03:12:45,4
03:12:50,4
03:12:55,4
03:13:00,4
03:13:05,4
03:13:10,4
03:13:15,4
03:13:20,4
03:13:25,4
03:13:30,4
03:13:35,4
03:13:40,4
03:13:45,4
03:13:50,4
03:13:55,4
03:14:00,4
03:14:05,4
03:14:10,4
03:14:15,4
03:14:20,4
03:14:25,4
03:14:30,4
03:14:35,4
03:14:40,4
03:14:45,4
03:14:50,4
03:14:55,4
03:15:00,4
03:15:05,4
03:15:10,4
03:15:15,4
03:15:20,4
03:15:25,4
03:15:30,4
03:15:35,4
03:15:40,4
03:15:45,4
03:15:50,4
03:15:55,4
03:16:00,4
03:16:05,4
03:16:10,4
03:16:15,4
03:16:20,4
03:16:25,4
03:16:30,4
03:16:35,4
03:16:40,4
03:16:45,4
03:16:50,4
03:16:55,4
03:17:00,4
03:17:05,4
03:17:10,4
03:17:15,4
03:17:20,4
03:17:25,4
03:17:30,4
03:17:35,4
03:17:40,4
03:17:45,4
03:17:50,4
03:17:55,4
03:18:00,4
03:18:05,4
03:18:10,4
03:18:15,4
03:18:20,4
03:18:25,4
03:18:30,4
03:18:35,4
03:18:40,4
03:18:45,4
03:18:50,4
03:18:55,4
03:19:00,4
03:19:05,4
03:19:10,4
03:19:15,4
03:19:20,4
03:19:25,4
03:19:30,4
03:19:35,4
03:19:40,4
03:19:45,4
03:19:50,4
03:19:55,4
03:20:00,4
03:20:05,4
03:20:10,4
03:20:15,4
03:20:20,4
03:20:25,4
03:20:30,4
03:20:35,4
03:20:40,4
03:20:45,4
03:20:50,4
03:20:55,4
03:21:00,4
03:21:05,4
03:21:10,4
03:21:15,4
03:21:20,4
03:21:25,4
03:21:30,4
03:21:35,4
03:21:40,4
03:21:45,4
03:21:50,4
03:21:55,4
03:22:00,4
03:22:05,4
03:22:10,4
03:22:15,4
03:22:20,4
03:22:25,4
03:22:30,4
03:22:35,4
03:22:40,4
03:22:45,4
03:22:50,4
03:22:55,4
03:23:00,4
03:23:05,4
03:23:10,4
03:23:15,4
03:23:20,4
03:23:25,4
03:23:30,4
03:23:35,4
03:23:40,4
03:23:45,4
03:23:50,4
03:23:55,4
03:24:00,4
03:24:05,4
03:24:10,4
03:24:15,4
03:24:20,4
03:24:25,4
03:24:30,4
03:24:35,4
03:24:40,4
03:24:45,4
03:24:50,4
03:24:55,4
03:25:00,4
03:25:05,4
03:25:10,4
03:25:15,4
03:25:20,4
03:25:25,4
03:25:30,4
03:25:35,4
03:25:40,4
03:25:45,4
03:25:50,4
03:25:55,4
03:26:00,4
03:26:05,4
03:26:10,4
03:26:15,4
03:26:20,4
03:26:25,4
03:26:30,4
03:26:35,4
03:26:40,4
03:26:45,4
03:26:50,4
03:26:55,4
03:27:00,4
03:27:05,4
03:27:10,4
03:27:15,4
03:27:20,3
03:27:25,3
03:27:30,3
03:27:35,3
03:27:40,3
03:27:45,3
03:27:50,3
03:27:55,3
03:28:00,3
03:28:05,3
03:28:10,3
03:28:15,3
03:28:20,3
03:28:25,3
03:28:30,3
03:28:35,3
03:28:40,3
03:28:45,3
03:28:50,3
03:28:55,3
03:29:00,3
03:29:05,3
03:29:10,3
03:29:15,3
03:29:20,3
03:29:25,3
03:29:30,3
03:29:35,3
03:29:40,3
03:29:45,3
03:29:50,3
03:29:55,3
03:30:00,3
03:30:05,3
03:30:10,3
03:30:15,3
03:30:20,3
03:30:25,3
03:30:30,3
03:30:35,3
03:30:40,3
03:30:45,3
03:30:50,3
03:30:55,3
03:31:00,3
03:31:05,3
03:31:10,3
03:31:15,3
03:31:20,3
03:31:25,3
03:31:30,3
03:31:35,3
03:31:40,3
03:31:45,3
03:31:50,3
03:31:55,3
03:32:00,3
03:32:05,3
03:32:10,3
03:32:15,3
03:32:20,3
03:32:25,3
03:32:30,3
03:32:35,3
03:32:40,3
03:32:45,3
03:32:50,3
03:32:55,3
03:33:00,3
03:33:05,3
03:33:10,3
03:33:15,3
03:33:20,3
03:33:25,3
03:33:30,3
03:33:35,3
03:33:40,3
03:33:45,3
03:33:50,3
03:33:55,3
03:34:00,3
03:34:05,3
03:34:10,3
03:34:15,3
03:34:20,3
03:34:25,3
03:34:30,3
03:34:35,3
03:34:40,3
03:34:45,3
03:34:50,3
03:34:55,3
03:35:00,3
03:35:05,3
03:35:10,3
03:35:15,3
03:35:20,3
03:35:25,3
03:35:30,3
03:35:35,3
03:35:40,3
03:35:45,3
03:35:50,3
03:35:55,3
03:36:00,3
03:36:05,3
03:36:10,3
03:36:15,3
03:36:20,3
03:36:25,3
03:36:30,3
03:36:35,3
03:36:40,3
03:36:45,3
03:36:50,3
03:36:55,3
03:37:00,3
03:37:05,3
03:37:10,3
03:37:15,3
03:37:20,3
03:37:25,3
03:37:30,3
03:37:35,3
03:37:40,3
03:37:45,3
03:37:50,3
03:37:55,3
03:38:00,3
03:38:05,3
03:38:10,3
03:38:15,4
03:38:20,3
03:38:25,3
03:38:30,3
03:38:35,4
03:38:40,3
03:38:45,3
03:38:50,3
03:38:55,3
03:39:00,3
03:39:05,3
03:39:10,3
03:39:15,3
03:39:20,3
03:39:25,3
03:39:30,3
03:39:35,3
03:39:40,3
03:39:45,3
03:39:50,3
03:39:55,3
03:40:00,3
03:40:05,3
03:40:10,3
03:40:15,3
03:40:20,3
03:40:25,3
03:40:30,3
03:40:35,3
03:40:40,3
03:40:45,3
03:40:50,3
03:40:55,3
03:41:00,3
03:41:05,3
03:41:10,3
03:41:15,3
03:41:20,3
03:41:25,3
03:41:30,3
03:41:35,3
03:41:40,3
03:41:45,3
03:41:50,3
03:41:55,3
03:42:00,3
03:42:05,3
03:42:10,3
03:42:15,3
03:42:20,3
03:42:25,3
03:42:30,3
03:42:35,3
03:42:40,3
03:42:45,3
03:42:50,3
03:42:55,3
03:43:00,3
03:43:05,3
03:43:10,3
03:43:15,3
03:43:20,3
03:43:25,3
03:43:30,3
03:43:35,3
03:43:40,3
03:43:45,3
03:43:50,3
03:43:55,3
03:44:00,3
03:44:05,3
03:44:10,3
03:44:15,3
03:44:20,3
03:44:25,3
03:44:30,3
03:44:35,3
03:44:40,3
03:44:45,3
03:44:50,3
03:44:55,3
03:45:00,3
03:45:05,3
03:45:10,3
03:45:15,3
03:45:20,3
03:45:25,3
03:45:30,3
03:45:35,3
03:45:40,3
03:45:45,3
03:45:50,3
03:45:55,3
03:46:00,3
03:46:05,3
03:46:10,3
03:46:15,3
03:46:20,3
03:46:25,3
03:46:30,3
03:46:35,3
03:46:40,3
03:46:45,3
03:46:50,3
03:46:55,3
03:47:00,3
03:47:05,3
03:47:10,3
03:47:15,3
03:47:20,3
03:47:25,3
03:47:30,3
03:47:35,3
03:47:40,3
03:47:45,3
03:47:50,3
03:47:55,3
03:48:00,3
03:48:05,3
03:48:10,3
03:48:15,3
03:48:20,3
03:48:25,3
03:48:30,3
03:48:35,3
03:48:40,3
03:48:45,3
03:48:50,3
03:48:55,3
03:49:00,3
03:49:05,3
03:49:10,3
03:49:15,3
03:49:20,3
03:49:25,3
03:49:30,3
03:49:35,3
03:49:40,3
03:49:45,3
03:49:50,3
03:49:55,3
03:50:00,3
03:50:05,3
03:50:10,3
03:50:15,3
03:50:20,3
03:50:25,3
03:50:30,3
03:50:35,3
03:50:40,3
03:50:45,3
03:50:50,3
03:50:55,3
03:51:00,3
03:51:05,3
03:51:10,3
03:51:15,3
03:51:20,3
03:51:25,3
03:51:30,3
03:51:35,3
03:51:40,3
03:51:45,3
03:51:50,3
03:51:55,3
03:52:00,3
03:52:05,3
03:52:10,3
03:52:15,3
03:52:20,3
03:52:25,3
03:52:30,3
03:52:35,3
03:52:40,3
03:52:45,3
03:52:50,3
03:52:55,3
03:53:00,3
03:53:05,3
03:53:10,3
03:53:15,3
03:53:20,3
03:53:25,3
03:53:30,3
03:53:35,3
03:53:40,3
03:53:45,3
03:53:50,3
03:53:55,3
03:54:00,3
03:54:05,3
03:54:10,3
03:54:15,3
03:54:20,3
03:54:25,3
03:54:30,3
03:54:35,3
03:54:40,3
03:54:45,3
03:54:50,3
03:54:55,3
03:55:00,3
03:55:05,3
03:55:10,3
03:55:15,3
03:55:20,3
03:55:25,3
03:55:30,3
03:55:35,3
03:55:40,3
03:55:45,3
03:55:50,3
03:55:55,3
03:56:00,3
03:56:05,3
03:56:10,3
03:56:15,3
03:56:20,3
03:56:25,3
03:56:30,3
03:56:35,3
03:56:40,5
03:56:45,19
03:56:50,22
03:56:55,22
03:57:00,20
03:57:05,18
03:57:10,17
03:57:15,17
03:57:20,16
03:57:25,15
03:57:30,14
03:57:35,13
03:57:40,13
03:57:45,13
03:57:50,12
03:57:55,12
03:58:00,12
03:58:05,12
03:58:10,21
03:58:15,18
03:58:20,18
03:58:25,14
03:58:30,13
03:58:35,11
03:58:40,11
03:58:45,10
03:58:50,10
03:58:55,10
03:59:00,10
03:59:05,10
03:59:10,9
03:59:15,9
03:59:20,9
03:59:25,9
03:59:30,9
03:59:35,9
03:59:40,9
03:59:45,8
03:59:50,8
03:59:55,8
04:00:00,8
04:00:05,8
04:00:10,8
04:00:15,8
04:00:20,8
04:00:25,8
04:00:30,8
04:00:35,7
04:00:40,7
04:00:45,7
04:00:50,7
04:00:55,7
04:01:00,7
04:01:05,7
04:01:10,7
04:01:15,7
04:01:20,7
04:01:25,7
04:01:30,7
04:01:35,7
04:01:40,7
04:01:45,7
04:01:50,6
04:01:55,6
04:02:00,6
04:02:05,6
04:02:10,6
04:02:15,6
04:02:20,6
04:02:25,6
04:02:30,6
04:02:35,6
04:02:40,6
04:02:45,6
04:02:50,6
04:02:55,6
04:03:00,6
04:03:05,6
04:03:10,6
04:03:15,6
04:03:20,6
04:03:25,6
04:03:30,6
04:03:35,6
04:03:40,6
04:03:45,6
04:03:50,6
04:03:55,6
04:04:00,6
04:04:05,6
04:04:10,6
04:04:15,6
04:04:20,6
04:04:25,6
04:04:30,5
04:04:35,6
04:04:40,5
04:04:45,5
04:04:50,5
04:04:55,5
04:05:00,5
04:05:05,5
04:05:10,5
04:05:15,5
04:05:20,5
04:05:25,5
04:05:30,5
04:05:35,5
04:05:40,5
04:05:45,5
04:05:50,5
04:05:55,5
04:06:00,5
04:06:05,5
04:06:10,5
04:06:15,5
04:06:20,5
04:06:25,5
04:06:30,5
04:06:35,5
04:06:40,5
04:06:45,5
04:06:50,5
04:06:55,5
04:07:00,5
04:07:05,5
04:07:10,5
04:07:15,5
04:07:20,5
04:07:25,5
04:07:30,5
04:07:35,5
04:07:40,5
04:07:45,5
04:07:50,5
04:07:55,5
04:08:00,5
04:08:05,5
04:08:10,5
04:08:15,5
04:08:20,5
04:08:25,5
04:08:30,5
04:08:35,5
04:08:40,5
04:08:45,5
04:08:50,5
04:08:55,5
04:09:00,5
04:09:05,5
04:09:10,5
04:09:15,4
04:09:20,4
04:09:25,4
04:09:30,4
04:09:35,4
04:09:40,4
04:09:45,5
04:09:50,4
04:09:55,4
04:10:00,4
04:10:05,4
04:10:10,4
04:10:15,4
04:10:20,4
04:10:25,4
04:10:30,4
04:10:35,4
04:10:40,4
04:10:45,4
04:10:50,4
04:10:55,4
04:11:00,4
04:11:05,4
04:11:10,4
04:11:15,4
04:11:20,4
04:11:25,4
04:11:30,4
04:11:35,4
04:11:40,4
04:11:45,4
04:11:50,4
04:11:55,4
04:12:00,4
04:12:05,4
04:12:10,4
04:12:15,4
04:12:20,4
04:12:25,4
04:12:30,4
04:12:35,4
04:12:40,4
04:12:45,4
04:12:50,4
04:12:55,4
04:13:00,4
04:13:05,4
04:13:10,4
04:13:15,4
04:13:20,4
04:13:25,4
04:13:30,4
04:13:35,4
04:13:40,4
04:13:45,4
04:13:50,4
04:13:55,4
04:14:00,4
04:14:05,4
04:14:10,4
04:14:15,4
04:14:20,4
04:14:25,4
04:14:30,4
04:14:35,4
04:14:40,4
04:14:45,4
04:14:50,4
04:14:55,4
04:15:00,4
04:15:05,4
04:15:10,4
04:15:15,4
04:15:20,4
04:15:25,4
04:15:30,4
04:15:35,4
04:15:40,4
04:15:45,4
04:15:50,4
04:15:55,4
04:16:00,4
04:16:05,4
04:16:10,4
04:16:15,4
04:16:20,4
04:16:25,4
04:16:30,4
04:16:35,4
04:16:40,4
04:16:45,4
04:16:50,4
04:16:55,4
04:17:00,4
04:17:05,4
04:17:10,4
04:17:15,4
04:17:20,4
04:17:25,4
04:17:30,4
04:17:35,4
04:17:40,4
04:17:45,4
04:17:50,4
04:17:55,4
04:18:00,4
04:18:05,4
04:18:10,4
04:18:15,4
04:18:20,4
04:18:25,4
04:18:30,4
04:18:35,4
04:18:40,4
04:18:45,4
04:18:50,4
04:18:55,4
04:19:00,4
04:19:05,4
04:19:10,4
04:19:15,4
04:19:20,4
04:19:25,4
04:19:30,4
04:19:35,4
04:19:40,4
04:19:45,4
04:19:50,4
04:19:55,4
04:20:00,4
04:20:05,4
04:20:10,4
04:20:15,4
04:20:20,4
04:20:25,4
04:20:30,4
04:20:35,4
04:20:40,4
04:20:45,4
04:20:50,4
04:20:55,4
04:21:00,4
04:21:05,4
04:21:10,4
04:21:15,4
04:21:20,4
04:21:25,4
04:21:30,4
04:21:35,4
04:21:40,4
04:21:45,4
04:21:50,4
04:21:55,4
04:22:00,4
04:22:05,4
04:22:10,4
04:22:15,4
04:22:20,4
04:22:25,4
04:22:30,4
04:22:35,4
04:22:40,4
04:22:45,4
04:22:50,3
04:22:55,3
04:23:00,3
04:23:05,4
04:23:10,4
04:23:15,4
04:23:20,4
04:23:25,4
04:23:30,4
04:23:35,4
04:23:40,4
04:23:45,4
04:23:50,4
04:23:55,4
04:24:00,4
04:24:05,4
04:24:10,4
04:24:15,4
04:24:20,4
04:24:25,4
04:24:30,4
04:24:35,4
04:24:40,4
04:24:45,4
04:24:50,4
04:24:55,4
04:25:00,4
04:25:05,4
04:25:10,4
04:25:15,4
04:25:20,4
04:25:25,4
04:25:30,4
04:25:35,4
04:25:40,4
04:25:45,4
04:25:50,4
04:25:55,4
04:26:00,4
04:26:05,4
04:26:10,4
04:26:15,4
04:26:20,4
04:26:25,4
04:26:30,4
04:26:35,8
04:26:40,8
04:26:45,8
04:26:50,10
04:26:55,10
04:27:00,13
04:27:05,12
04:27:10,25
04:27:15,25
04:27:20,25
04:27:25,24
04:27:30,24
04:27:35,24
04:27:40,24
04:27:45,24
04:27:50,24
04:27:55,23
04:28:00,23
04:28:05,23
04:28:10,23
04:28:15,23
04:28:20,23
04:28:25,23
04:28:30,22
04:28:35,22
04:28:40,22
04:28:45,22
04:28:50,22
04:28:55,22
04:29:00,22
04:29:05,22
04:29:10,21
04:29:15,21
04:29:20,21
04:29:25,21
04:29:30,21
04:29:35,21
04:29:40,21
04:29:45,21
04:29:50,21
04:29:55,21
04:30:00,21
04:30:05,21
04:30:10,21
04:30:15,21
04:30:20,20
04:30:25,20
04:30:30,20
04:30:35,20
04:30:40,20
04:30:45,20
04:30:50,20
04:30:55,20
04:31:00,20
04:31:05,20
04:31:10,20
04:31:15,20
04:31:20,20
04:31:25,20
04:31:30,20
04:31:35,20
04:31:40,20
04:31:45,20
04:31:50,20
04:31:55,20
04:32:00,20
04:32:05,20
04:32:10,20
04:32:15,20
04:32:20,20
04:32:25,19
04:32:30,19
04:32:35,19
04:32:40,19
04:32:45,19
04:32:50,19
04:32:55,19
04:33:00,19
04:33:05,19
04:33:10,19
04:33:15,19
04:33:20,19
04:33:25,19
04:33:30,19
04:33:35,19
04:33:40,19
04:33:45,19
04:33:50,19
04:33:55,19
04:34:00,19
04:34:05,19
04:34:10,19
04:34:15,19
04:34:20,19
04:34:25,19
04:34:30,19
04:34:35,19
04:34:40,19
04:34:45,19
04:34:50,19
04:34:55,19
04:35:00,19
04:35:05,19
04:35:10,19
04:35:15,19
04:35:20,19
04:35:25,19
04:35:30,19
04:35:35,19
04:35:40,19
04:35:45,19
04:35:50,19
04:35:55,18
04:36:00,19
04:36:05,19
04:36:10,18
04:36:15,18
04:36:20,18
04:36:25,18
04:36:30,18
04:36:35,18
04:36:40,18
04:36:45,18
04:36:50,18
04:36:55,18
04:37:00,18
04:37:05,18
04:37:10,18
04:37:15,18
04:37:20,18
04:37:25,18
04:37:30,18
04:37:35,18
04:37:40,18
04:37:45,18
04:37:50,18
04:37:55,18
04:38:00,18
04:38:05,18
04:38:10,18
04:38:15,18
04:38:20,18
04:38:25,18
04:38:30,18
04:38:35,18
04:38:40,18
04:38:45,18
04:38:50,18
04:38:55,18
04:39:00,18
04:39:05,18
04:39:10,18
04:39:15,18
04:39:20,18
04:39:25,18
04:39:30,18
04:39:35,18
04:39:40,18
04:39:45,18
04:39:50,18
04:39:55,18
04:40:00,18
04:40:05,18
04:40:10,18
04:40:15,18
04:40:20,18
04:40:25,18
04:40:30,18
04:40:35,18
04:40:40,18
04:40:45,18
04:40:50,18
04:40:55,18
04:41:00,18
04:41:05,18
04:41:10,18
04:41:15,18
04:41:20,18
04:41:25,18
04:41:30,18
04:41:35,18
04:41:40,18
04:41:45,18
04:41:50,18
04:41:55,18
04:42:00,18
04:42:05,18
04:42:10,18
04:42:15,18
04:42:20,18
04:42:25,18
04:42:30,18
04:42:35,18
04:42:40,18
04:42:45,18
04:42:50,18
04:42:55,18
04:43:00,18
04:43:05,18
04:43:10,18
04:43:15,18
04:43:20,18
04:43:25,18
04:43:30,18
04:43:35,18
04:43:40,18
04:43:45,18
04:43:50,18
04:43:55,18
04:44:00,18
04:44:05,18
04:44:10,18
04:44:15,18
04:44:20,18
04:44:25,18
04:44:30,18
04:44:35,18
04:44:40,18
04:44:45,18
04:44:50,18
04:44:55,18
04:45:00,18
04:45:05,18
04:45:10,18
04:45:15,18
04:45:20,18
04:45:25,18
04:45:30,18
04:45:35,18
04:45:40,18
04:45:45,18
04:45:50,18
04:45:55,18
04:46:00,18
04:46:05,18
04:46:10,18
04:46:15,18
04:46:20,18
04:46:25,18
04:46:30,18
04:46:35,18
04:46:40,18
04:46:45,18
04:46:50,18
04:46:55,18
04:47:00,18
04:47:05,18
04:47:10,18
04:47:15,18
04:47:20,18
04:47:25,18
04:47:30,18
04:47:35,18
04:47:40,18
04:47:45,18
04:47:50,18
04:47:55,18
04:48:00,18
04:48:05,18
04:48:10,18
04:48:15,18
04:48:20,18
04:48:25,18
04:48:30,18
04:48:35,18
04:48:40,18
04:48:45,18
04:48:50,18
04:48:55,18
04:49:00,18
04:49:05,18
04:49:10,18
04:49:15,18
04:49:20,18
04:49:25,18
04:49:30,18
04:49:35,18
04:49:40,18
04:49:45,18
04:49:50,18
04:49:55,18
04:50:00,18
04:50:05,18
04:50:10,18
04:50:15,18
04:50:20,18
04:50:25,18
04:50:30,18
04:50:35,18
04:50:40,18
04:50:45,18
04:50:50,18
04:50:55,18
04:51:00,18
04:51:05,18
04:51:10,18
04:51:15,18
04:51:20,18
04:51:25,18
04:51:30,18
04:51:35,18
04:51:40,18
04:51:45,18
04:51:50,18
04:51:55,18
04:52:00,18
04:52:05,18
04:52:10,18
04:52:15,18
04:52:20,18
04:52:25,18
04:52:30,18
04:52:35,18
04:52:40,18
04:52:45,18
04:52:50,18
04:52:55,18
04:53:00,18
04:53:05,18
04:53:10,18
04:53:15,18
04:53:20,18
04:53:25,18
04:53:30,18
04:53:35,18
04:53:40,18
04:53:45,17
04:53:50,18
04:53:55,17
04:54:00,18
04:54:05,17
04:54:10,17
04:54:15,18
04:54:20,17
04:54:25,17
04:54:30,17
04:54:35,18
04:54:40,17
04:54:45,17
04:54:50,17
04:54:55,17
04:55:00,17
04:55:05,17
04:55:10,18
04:55:15,17
04:55:20,17
04:55:25,17
04:55:30,17
04:55:35,17
04:55:40,17
04:55:45,17
04:55:50,17
04:55:55,17
04:56:00,17
04:56:05,17
04:56:10,18
04:56:15,17
04:56:20,17
04:56:25,17
04:56:30,17
04:56:35,17
04:56:40,17
04:56:45,17
04:56:50,18
04:56:55,17
04:57:00,17
04:57:05,17
04:57:10,17
04:57:15,17
04:57:20,17
04:57:25,17
04:57:30,18
04:57:35,17
04:57:40,17
04:57:45,17
04:57:50,17
04:57:55,17
04:58:00,17
04:58:05,17
04:58:10,17
04:58:15,17
04:58:20,17
04:58:25,17
04:58:30,17
04:58:35,17
04:58:40,17
04:58:45,17
04:58:50,17
04:58:55,17
04:59:00,17
04:59:05,17
04:59:10,17
04:59:15,17
04:59:20,17
04:59:25,17
04:59:30,17
04:59:35,17
04:59:40,17
04:59:45,17
04:59:50,17
04:59:55,17
05:00:00,17
05:00:05,17
05:00:10,17
05:00:15,17
05:00:20,17
05:00:25,17
05:00:30,17
05:00:35,17
05:00:40,17
05:00:45,17
05:00:50,17
05:00:55,17
05:01:00,17
05:01:05,17
05:01:10,17
05:01:15,17
05:01:20,17
05:01:25,17
05:01:30,17
05:01:35,17
05:01:40,17
05:01:45,17
05:01:50,17
05:01:55,17
05:02:00,17
05:02:05,17
05:02:10,17
05:02:15,17
05:02:20,17
05:02:25,17
05:02:30,17
05:02:35,17
05:02:40,17
05:02:45,17
05:02:50,17
05:02:55,17
05:03:00,17
05:03:05,17
05:03:10,17
05:03:15,17
05:03:20,17
05:03:25,17
05:03:30,17
05:03:35,17
05:03:40,17
05:03:45,17
05:03:50,17
05:03:55,17
05:04:00,17
05:04:05,17
05:04:10,17
05:04:15,17
05:04:20,17
05:04:25,17
05:04:30,17
05:04:35,17
05:04:40,17
05:04:45,17
05:04:50,17
05:04:55,17
05:05:00,17
05:05:05,17
05:05:10,17
05:05:15,17
05:05:20,17
05:05:25,17
05:05:30,17
05:05:35,17
05:05:40,17
05:05:45,17
05:05:50,17
05:05:55,17
05:06:00,17
05:06:05,17
05:06:10,17
05:06:15,17
05:06:20,17
05:06:25,17
05:06:30,17
05:06:35,17
05:06:40,17
05:06:45,17
05:06:50,17
05:06:55,17
05:07:00,17
05:07:05,17
05:07:10,17
05:07:15,17
05:07:20,17
05:07:25,17
05:07:30,17
05:07:35,17
05:07:40,17
05:07:45,17
05:07:50,17
05:07:55,17
05:08:00,17
05:08:05,17
05:08:10,17
05:08:15,17
05:08:20,17
05:08:25,17
05:08:30,17
05:08:35,17
05:08:40,17
05:08:45,17
05:08:50,17
05:08:55,17
05:09:00,17
05:09:05,17
05:09:10,17
05:09:15,17
05:09:20,17
05:09:25,17
05:09:30,17
05:09:35,17
05:09:40,17
05:09:45,17
05:09:50,17
05:09:55,17
05:10:00,17
05:10:05,17
05:10:10,17
05:10:15,17
05:10:20,17
05:10:25,17
05:10:30,17
05:10:35,17
05:10:40,17
05:10:45,17
05:10:50,17
05:10:55,17
05:11:00,17
05:11:05,17
05:11:10,17
05:11:15,17
05:11:20,17
05:11:25,17
05:11:30,17
05:11:35,17
05:11:40,17
05:11:45,17
05:11:50,17
05:11:55,17
05:12:00,17
05:12:05,17
05:12:10,17
05:12:15,17
05:12:20,17
05:12:25,17
05:12:30,17
05:12:35,17
05:12:40,17
05:12:45,17
05:12:50,17
05:12:55,17
05:13:00,17
05:13:05,17
05:13:10,17
05:13:15,17
05:13:20,17
05:13:25,17
05:13:30,17
05:13:35,17
05:13:40,17
05:13:45,17
05:13:50,17
05:13:55,17
05:14:00,17
05:14:05,17
05:14:10,17
05:14:15,17
05:14:20,17
05:14:25,17
05:14:30,17
05:14:35,17
05:14:40,17
05:14:45,17
05:14:50,17
05:14:55,17
05:15:00,17
05:15:05,17
05:15:10,17
05:15:15,17
05:15:20,17
05:15:25,17
05:15:30,17
05:15:35,17
05:15:40,17
05:15:45,17
05:15:50,17
05:15:55,17
05:16:00,17
05:16:05,17
05:16:10,17
05:16:15,17
05:16:20,17
05:16:25,17
05:16:30,17
05:16:35,17
05:16:40,17
05:16:45,17
05:16:50,17
05:16:55,17
05:17:00,17
05:17:05,17
05:17:10,17
05:17:15,17
05:17:20,17
05:17:25,17
05:17:30,17
05:17:35,17
05:17:40,17
05:17:45,17
05:17:50,17
05:17:55,17
05:18:00,17
05:18:05,17
05:18:10,17
05:18:15,17
05:18:20,17
05:18:25,17
05:18:30,17
05:18:35,17
05:18:40,17
05:18:45,17
05:18:50,17
05:18:55,17
05:19:00,17
05:19:05,17
05:19:10,17
05:19:15,17
05:19:20,17
05:19:25,17
05:19:30,17
05:19:35,17
05:19:40,17
05:19:45,17
05:19:50,17
05:19:55,17
05:20:00,17
05:20:05,17
05:20:10,17
05:20:15,17
05:20:20,17
05:20:25,17
05:20:30,17
05:20:35,17
05:20:40,17
05:20:45,17
05:20:50,17
05:20:55,17
05:21:00,17
05:21:05,17
05:21:10,17
05:21:15,17
05:21:20,17
05:21:25,17
05:21:30,17
05:21:35,17
05:21:40,17
05:21:45,17
05:21:50,17
05:21:55,17
05:22:00,17
05:22:05,17
05:22:10,17
05:22:15,17
05:22:20,17
05:22:25,17
05:22:30,17
05:22:35,17
05:22:40,17
05:22:45,17
05:22:50,17
05:22:55,17
05:23:00,17
05:23:05,17
05:23:10,17
05:23:15,17
05:23:20,17
05:23:25,17
05:23:30,17
05:23:35,17
05:23:40,17
05:23:45,17
05:23:50,17
05:23:55,17
05:24:00,17
05:24:05,17
05:24:10,17
05:24:15,17
05:24:20,17
05:24:25,17
05:24:30,17
05:24:35,17
05:24:40,17
05:24:45,17
05:24:50,17
05:24:55,17
05:25:00,17
05:25:05,17
05:25:10,17
05:25:15,17
05:25:20,17
05:25:25,17
05:25:30,17
05:25:35,17
05:25:40,17
05:25:45,17
05:25:50,17
05:25:55,17
05:26:00,17
05:26:05,17
05:26:10,17
05:26:15,18
05:26:20,17
05:26:25,17
05:26:30,17
05:26:35,17
05:26:40,17
05:26:45,17
05:26:50,17
05:26:55,17
05:27:00,17
05:27:05,17
05:27:10,17
05:27:15,17
05:27:20,17
05:27:25,17
05:27:30,17
05:27:35,17
05:27:40,17
05:27:45,17
05:27:50,17
05:27:55,17
05:28:00,17
05:28:05,17
05:28:10,17
05:28:15,17
05:28:20,17
05:28:25,17
05:28:30,17
05:28:35,17
05:28:40,17
05:28:45,17
05:28:50,17
05:28:55,17
05:29:00,17
05:29:05,17
05:29:10,17
05:29:15,17
05:29:20,17
05:29:25,17
05:29:30,17
05:29:35,17
05:29:40,17
05:29:45,17
05:29:50,17
05:29:55,17
05:30:00,17
05:30:05,17
05:30:10,17
05:30:15,17
05:30:20,17
05:30:25,17
05:30:30,17
05:30:35,17
05:30:40,17
05:30:45,17
05:30:50,17
05:30:55,17
05:31:00,17
05:31:05,17
05:31:10,17
05:31:15,17
05:31:20,17
05:31:25,17
05:31:30,17
05:31:35,17
05:31:40,17
05:31:45,17
05:31:50,17
05:31:55,17
05:32:00,17
05:32:05,17
05:32:10,17
05:32:15,17
05:32:20,17
05:32:25,17
05:32:30,17
05:32:35,17
05:32:40,17
05:32:45,17
05:32:50,17
05:32:55,17
05:33:00,17
05:33:05,17
05:33:10,17
05:33:15,17
05:33:20,17
05:33:25,17
05:33:30,17
05:33:35,17
05:33:40,17
05:33:45,17
05:33:50,17
05:33:55,17
05:34:00,17
05:34:05,17
05:34:10,17
05:34:15,17
05:34:20,17
05:34:25,17
05:34:30,17
05:34:35,17
05:34:40,17
05:34:45,17
05:34:50,17
05:34:55,17
05:35:00,17
05:35:05,17
05:35:10,17
05:35:15,17
05:35:20,17
05:35:25,17
05:35:30,17
05:35:35,17
05:35:40,17
05:35:45,17
05:35:50,17
05:35:55,17
05:36:00,17
05:36:05,17
05:36:10,17
05:36:15,17
05:36:20,17
05:36:25,17
05:36:30,17
05:36:35,17
05:36:40,17
05:36:45,17
05:36:50,17
05:36:55,17
05:37:00,17
05:37:05,17
05:37:10,17
05:37:15,17
05:37:20,17
05:37:25,17
05:37:30,17
05:37:35,17
05:37:40,17
05:37:45,17
05:37:50,17
05:37:55,17
05:38:00,17
05:38:05,17
05:38:10,17
05:38:15,17
05:38:20,17
05:38:25,17
05:38:30,17
05:38:35,17
05:38:40,17
05:38:45,17
05:38:50,17
05:38:55,17
05:39:00,17
05:39:05,17
05:39:10,17
05:39:15,17
05:39:20,17
05:39:25,17
05:39:30,17
05:39:35,17
05:39:40,17
05:39:45,17
05:39:50,17
05:39:55,17
05:40:00,17
05:40:05,17
05:40:10,17
05:40:15,17
05:40:20,17
05:40:25,17
05:40:30,17
05:40:35,17
05:40:40,17
05:40:45,17
05:40:50,17
05:40:55,17
05:41:00,17
05:41:05,18
05:41:10,22
05:41:15,24
05:41:20,24
05:41:25,24
05:41:30,24
05:41:35,23
05:41:40,23
05:41:45,23
05:41:50,23
05:41:55,23
05:42:00,22
05:42:05,22
05:42:10,22
05:42:15,22
05:42:20,22
05:42:25,22
05:42:30,22
05:42:35,22
05:42:40,22
05:42:45,21
05:42:50,21
05:42:55,21
05:43:00,21
05:43:05,21
05:43:10,21
05:43:15,21
05:43:20,21
05:43:25,21
05:43:30,21
05:43:35,21
05:43:40,21
05:43:45,21
05:43:50,21
05:43:55,21
05:44:00,21
05:44:05,21
05:44:10,21
05:44:15,20
05:44:20,20
05:44:25,20
05:44:30,20
05:44:35,20
05:44:40,20
05:44:45,20
05:44:50,20
05:44:55,20
05:45:00,20
05:45:05,20
05:45:10,20
05:45:15,20
05:45:20,20
05:45:25,20
05:45:30,20
05:45:35,20
05:45:40,20
05:45:45,20
05:45:50,20
05:45:55,20
05:46:00,20
05:46:05,20
05:46:10,20
05:46:15,20
05:46:20,20
05:46:25,20
05:46:30,20
05:46:35,20
05:46:40,20
05:46:45,20
05:46:50,20
05:46:55,20
05:47:00,20
05:47:05,20
05:47:10,20
05:47:15,20
05:47:20,20
05:47:25,19
05:47:30,19
05:47:35,19
05:47:40,19
05:47:45,19
05:47:50,19
05:47:55,19
05:48:00,19
05:48:05,19
05:48:10,19
05:48:15,19
05:48:20,19
05:48:25,19
05:48:30,19
05:48:35,19
05:48:40,19
05:48:45,19
05:48:50,19
05:48:55,19
05:49:00,19
05:49:05,19
05:49:10,19
05:49:15,19
05:49:20,19
05:49:25,19
05:49:30,19
05:49:35,19
05:49:40,19
05:49:45,19
05:49:50,19
05:49:55,19
05:50:00,19
05:50:05,19
05:50:10,19
05:50:15,19
05:50:20,19
05:50:25,19
05:50:30,19
05:50:35,19
05:50:40,19
05:50:45,19
05:50:50,19
05:50:55,19
05:51:00,19
05:51:05,19
05:51:10,19
05:51:15,19
05:51:20,19
05:51:25,19
05:51:30,19
05:51:35,19
05:51:40,19
05:51:45,19
05:51:50,19
05:51:55,19
05:52:00,19
05:52:05,19
05:52:10,19
05:52:15,19
05:52:20,19
05:52:25,19
05:52:30,19
05:52:35,19
05:52:40,19
05:52:45,19
05:52:50,19
05:52:55,19
05:53:00,19
05:53:05,19
05:53:10,19
05:53:15,19
05:53:20,19
05:53:25,19
05:53:30,19
05:53:35,19
05:53:40,19
05:53:45,19
05:53:50,19
05:53:55,19
05:54:00,19
05:54:05,19
05:54:10,19
05:54:15,19
05:54:20,19
05:54:25,19
05:54:30,19
05:54:35,19
05:54:40,19
05:54:45,19
05:54:50,19
05:54:55,19
05:55:00,19
05:55:05,19
05:55:10,19
05:55:15,19
05:55:20,19
05:55:25,19
05:55:30,19
05:55:35,19
05:55:40,19
05:55:45,19
05:55:50,19
05:55:55,19
05:56:00,19
05:56:05,19
05:56:10,19
05:56:15,19
05:56:20,19
05:56:25,19
05:56:30,19
05:56:35,19
05:56:40,19
05:56:45,19
05:56:50,19
05:56:55,19
05:57:00,19
05:57:05,19
05:57:10,19
05:57:15,19
05:57:20,19
05:57:25,19
05:57:30,19
05:57:35,19
05:57:40,19
05:57:45,19
05:57:50,19
05:57:55,19
05:58:00,19
05:58:05,19
05:58:10,19
05:58:15,19
05:58:20,19
05:58:25,19
05:58:30,19
05:58:35,19
05:58:40,19
05:58:45,19
05:58:50,19
05:58:55,19
05:59:00,19
05:59:05,19
05:59:10,19
05:59:15,19
05:59:20,19
05:59:25,19
05:59:30,19
05:59:35,19
05:59:40,19
05:59:45,19
05:59:50,19
05:59:55,19
06:00:00,19
06:00:05,19
06:00:10,19
06:00:15,19
06:00:20,19
06:00:25,19
06:00:30,19
06:00:35,19
06:00:40,19
06:00:45,19
06:00:50,19
06:00:55,19
06:01:00,19
06:01:05,19
06:01:10,19
06:01:15,19
06:01:20,19
06:01:25,19
06:01:30,19
06:01:35,19
06:01:40,19
06:01:45,19
06:01:50,19
06:01:55,19
06:02:00,19
06:02:05,18
06:02:10,19
06:02:15,19
06:02:20,18
06:02:25,18
06:02:30,18
06:02:35,18
06:02:40,18
06:02:45,19
06:02:50,18
06:02:55,19
06:03:00,18
06:03:05,18
06:03:10,18
06:03:15,18
06:03:20,18
06:03:25,18
06:03:30,18
06:03:35,18
06:03:40,18
06:03:45,18
06:03:50,18
06:03:55,18
06:04:00,18
06:04:05,18
06:04:10,18
06:04:15,18
06:04:20,18
06:04:25,18
06:04:30,18
06:04:35,18
06:04:40,18
06:04:45,18
06:04:50,18
06:04:55,18
06:05:00,18
06:05:05,18
06:05:10,18
06:05:15,18
06:05:20,18
06:05:25,18
06:05:30,18
06:05:35,18
06:05:40,18
06:05:45,18
06:05:50,18
06:05:55,18
06:06:00,18
06:06:05,18
06:06:10,18
06:06:15,18
06:06:20,18
